PLAYER_NAME,TEAM_ID,OFF_RATING,DEF_RATING,NET_RATING,GP
Tyrese Maxey,PHI,4.7,1.9,6.6,45.0
Amen Thompson,HOU,3.4,2.2,5.5,46.0
Scottie Barnes,TOR,2.1,2.7,4.8,49.0
Mikal Bridges,NYK,3.6,1.9,5.5,48.0
DeMar DeRozan,SAC,3.6,0.5,4.0,50.0
Toumani Camara,POR,0.9,1.2,2.1,49.0
Trey Murphy III,NOP,3.2,1.0,4.2,46.0
Dyson Daniels,ATL,1.2,1.9,3.1,48.0
Brandon Ingram,TOR,0.7,1.9,2.7,48.0
Julius Randle,MIN,3.7,2.1,5.8,49.0
Kevin Durant,HOU,4.5,1.8,6.3,44.0
Keyonte George,UTA,3.0,-0.1,2.9,47.0
Desmond Bane,ORL,1.9,1.2,3.1,47.0
Jalen Johnson,ATL,2.4,2.1,4.6,45.0
Nickeil Alexander-Walker,ATL,1.1,1.3,2.4,48.0
Jabari Smith Jr.,HOU,1.7,2.0,3.6,45.0
Shai Gilgeous-Alexander,OKC,8.2,2.8,11.1,47.0
Derrick White,BOS,1.8,1.9,3.7,46.0
Pascal Siakam,IND,1.3,1.4,2.7,46.0
Jamal Murray,DEN,4.7,1.0,5.7,44.0
Donovan Mitchell,CLE,3.8,1.6,5.4,46.0
Miles Bridges,CHO,2.7,1.2,3.9,48.0
James Harden,LAC,3.7,1.1,4.9,44.0
Donte DiVincenzo,MIN,1.9,2.1,4.0,49.0
Payton Pritchard,BOS,4.0,1.2,5.1,47.0
Kon Knueppel,CHO,3.4,1.1,4.5,48.0
VJ Edgecombe,PHI,1.0,1.5,2.5,43.0
Immanuel Quickley,TOR,2.3,1.7,4.0,47.0
Deni Avdija,POR,3.4,1.5,4.9,44.0
Jaylen Brown,BOS,2.3,1.7,4.1,44.0
Jaden McDaniels,MIN,1.9,1.9,3.7,47.0
Onyeka Okongwu,ATL,1.4,1.9,3.3,47.0
Cooper Flagg,DAL,0.9,2.0,2.9,44.0
Rudy Gobert,MIN,3.1,2.5,5.7,47.0
Jalen Brunson,NYK,4.3,0.9,5.2,43.0
Anthony Black,ORL,0.8,1.6,2.4,47.0
Nikola Vučević,CHI,2.4,1.4,3.7,47.0
Ryan Rollins,MIL,1.2,1.4,2.6,46.0
Cade Cunningham,DET,3.0,2.3,5.2,41.0
Royce O'Neale,PHO,1.1,1.9,2.9,49.0
Russell Westbrook,SAC,-0.4,0.9,0.5,48.0
Karl-Anthony Towns,NYK,2.9,2.2,5.1,45.0
Luka Dončić,LAL,4.5,1.5,6.0,39.0
Andrew Wiggins,MIA,1.0,1.6,2.6,45.0
Evan Mobley,CLE,1.9,2.0,3.9,42.0
Devin Booker,PHO,2.8,1.3,4.0,41.0
Peyton Watson,DEN,1.0,1.3,2.4,46.0
Naji Marshall,DAL,2.4,1.6,4.0,47.0
Anthony Edwards,MIN,2.9,1.8,4.7,39.0
Shaedon Sharpe,POR,-0.1,1.3,1.3,45.0
Wendell Carter Jr.,ORL,2.3,1.4,3.7,45.0
CJ McCollum,2TM,1.2,0.2,1.4,45.0
CJ McCollum,WAS,1.2,0.0,1.2,35.0
CJ McCollum,ATL,0.0,0.2,0.2,10.0
Collin Gillespie,PHO,2.5,1.7,4.2,48.0
Jaren Jackson Jr.,MEM,0.1,1.9,1.9,44.0
Matas Buzelis,CHI,0.9,1.2,2.2,48.0
Bub Carrington,WAS,-0.4,0.2,-0.2,47.0
Brandin Podziemski,GSW,1.4,1.7,3.1,50.0
Julian Champagnie,SAS,1.4,1.9,3.3,47.0
Nic Claxton,BRK,2.7,1.2,3.9,45.0
Dillon Brooks,PHO,1.0,1.4,2.3,43.0
Alperen Şengün,HOU,2.4,2.1,4.5,39.0
Harrison Barnes,SAS,1.4,1.3,2.7,47.0
Norman Powell,MIA,2.0,1.4,3.4,43.0
Quentin Grimes,PHI,1.2,1.1,2.3,43.0
Tim Hardaway Jr.,DEN,2.5,0.5,2.9,48.0
Max Christie,DAL,1.6,1.1,2.8,44.0
Saddiq Bey,NOP,2.7,0.5,3.2,43.0
Duncan Robinson,DET,1.8,1.4,3.2,45.0
Jeremiah Fears,NOP,-0.9,0.7,-0.2,50.0
Naz Reid,MIN,1.4,2.1,3.5,49.0
Jake LaRavia,LAL,1.2,1.1,2.3,47.0
Kris Dunn,LAC,1.1,1.0,2.1,47.0
Bam Adebayo,MIA,1.0,2.0,3.0,41.0
Jaime Jaquez Jr.,MIA,1.2,1.3,2.5,44.0
Derik Queen,NOP,0.4,1.3,1.7,49.0
Paolo Banchero,ORL,1.2,1.4,2.6,37.0
Myles Turner,MIL,1.2,1.3,2.5,44.0
Ivica Zubac,LAC,2.5,1.2,3.7,41.0
Chet Holmgren,OKC,2.8,2.9,5.7,43.0
Michael Porter Jr.,BRK,2.0,1.0,3.0,38.0
Jaylon Tyson,CLE,2.2,1.2,3.4,45.0
Lauri Markkanen,UTA,2.9,0.1,3.0,35.0
A.J. Green,MIL,1.2,0.5,1.6,42.0
OG Anunoby,NYK,1.2,1.7,2.8,38.0
De'Aaron Fox,SAS,1.9,1.6,3.4,38.0
Jaylen Wells,MEM,0.1,1.0,1.1,46.0
Noah Clowney,BRK,0.0,0.8,0.8,43.0
Donovan Clingan,POR,2.9,1.6,4.5,45.0
Stephen Curry,GSW,2.8,1.3,4.1,39.0
Andrew Nembhard,IND,1.4,0.7,2.1,38.0
Cason Wallace,OKC,0.2,2.5,2.7,46.0
John Collins,LAC,1.8,1.0,2.8,44.0
Sion James,CHO,0.7,0.9,1.6,49.0
Bruce Brown,DEN,0.6,1.0,1.6,49.0
Deandre Ayton,LAL,2.2,1.2,3.4,42.0
Kyshawn George,WAS,0.2,0.7,0.9,38.0
Jimmy Butler,GSW,4.7,1.3,6.0,38.0
Stephon Castle,SAS,0.6,1.6,2.2,38.0
Moses Moody,GSW,1.1,1.3,2.4,48.0
Anfernee Simons,BOS,1.8,0.8,2.6,48.0
Santi Aldama,MEM,1.4,1.5,2.9,42.0
Kyle Kuzma,MIL,0.5,0.9,1.4,44.0
Davion Mitchell,MIA,1.3,1.1,2.5,40.0
Zach LaVine,SAC,1.1,0.1,1.2,36.0
Cedric Coward,MEM,1.1,1.2,2.3,43.0
Reed Sheppard,HOU,1.7,1.6,3.3,46.0
Keldon Johnson,SAS,2.9,1.5,4.4,47.0
Josh Hart,NYK,1.8,1.6,3.4,37.0
Jalen Duren,DET,3.3,2.2,5.4,40.0
Nikola Jokić,DEN,7.5,1.6,9.1,33.0
Ajay Mitchell,OKC,1.6,2.1,3.7,43.0
Jarace Walker,IND,-0.8,1.0,0.2,48.0
De'Andre Hunter,CLE,0.4,1.0,1.4,43.0
Neemias Queta,BOS,2.8,1.9,4.7,45.0
Kawhi Leonard,LAC,3.3,1.4,4.7,34.0
Jamal Shead,TOR,0.6,1.2,1.8,50.0
Sam Hauser,BOS,1.7,1.1,2.8,47.0
Moussa Diabaté,CHO,2.8,1.4,4.2,45.0
Bobby Portis,MIL,1.0,1.0,2.0,46.0
Ausar Thompson,DET,0.7,2.3,3.0,43.0
Rui Hachimura,LAL,1.1,0.4,1.5,37.0
Ayo Dosunmu,CHI,2.3,0.5,2.8,42.0
Draymond Green,GSW,-0.5,1.5,1.0,41.0
Josh Giddey,CHI,1.5,1.0,2.5,34.0
P.J. Washington,DAL,-0.8,1.7,0.9,35.0
Alex Sarr,WAS,1.1,0.9,2.0,38.0
Marcus Smart,LAL,0.2,0.8,0.9,38.0
Cam Spencer,MEM,2.9,0.8,3.8,45.0
Luguentz Dort,OKC,0.3,1.8,2.1,39.0
Sandro Mamukelashvili,TOR,2.2,1.5,3.6,48.0
Terance Mann,BRK,1.2,0.5,1.6,42.0
Kyle Filipowski,UTA,0.7,0.4,1.1,48.0
Devin Vassell,SAS,0.9,1.3,2.2,34.0
LaMelo Ball,CHO,1.4,1.1,2.5,39.0
Mark Williams,PHO,3.3,1.9,5.1,44.0
Dennis Schröder,SAC,0.4,0.2,0.7,40.0
Ace Bailey,UTA,0.1,-0.1,0.0,42.0
Spencer Jones,DEN,1.1,0.8,1.9,44.0
Kel'el Ware,MIA,2.1,1.9,4.0,45.0
Vit Krejci,ATL,1.1,0.8,1.9,46.0
Jarrett Allen,CLE,2.1,1.4,3.5,38.0
Tre Jones,CHI,2.9,0.7,3.7,38.0
Egor Dёmin,BRK,0.4,0.6,1.0,41.0
Kevin Huerter,CHI,0.5,0.8,1.4,43.0
Gary Trent Jr.,MIL,-0.1,0.3,0.2,42.0
Isaiah Stewart,DET,1.4,1.7,3.0,43.0
Jock Landale,MEM,2.0,1.0,3.0,43.0
Isaac Okoro,CHI,1.0,0.4,1.5,40.0
Jordan Goodwin,PHO,0.5,1.5,2.1,46.0
Zion Williamson,NOP,2.6,0.6,3.2,34.0
LeBron James,LAL,1.7,0.8,2.5,30.0
Svi Mykhailiuk,UTA,0.9,-0.3,0.5,41.0
Miles McBride,NYK,1.8,0.8,2.5,35.0
Oso Ighodaro,PHO,0.6,1.5,2.1,49.0
Tre Johnson,WAS,0.5,0.1,0.6,39.0
Brice Sensabaugh,UTA,0.8,-0.1,0.7,46.0
Jusuf Nurkić,UTA,0.6,0.8,1.5,37.0
Pelle Larsson,MIA,1.3,0.8,2.2,41.0
Klay Thompson,DAL,-0.2,0.9,0.6,44.0
Isaiah Collier,UTA,0.8,-0.1,0.8,41.0
Maxime Raynaud,SAC,0.8,0.5,1.3,42.0
Brandon Miller,CHO,0.9,0.9,1.8,32.0
Jerami Grant,POR,1.6,0.7,2.2,33.0
Sidy Cissoko,POR,0.1,0.6,0.8,44.0
Victor Wembanyama,SAS,2.0,2.3,4.3,33.0
Grayson Allen,PHO,1.5,1.1,2.6,32.0
Kentavious Caldwell-Pope,MEM,0.3,0.9,1.2,45.0
Tristan Da Silva,ORL,0.3,0.9,1.2,42.0
Ron Holland,DET,-0.4,1.8,1.4,45.0
Dean Wade,CLE,1.1,1.0,2.1,41.0
Brandon Williams,DAL,0.2,1.1,1.3,42.0
Josh Okogie,HOU,0.8,1.1,1.9,46.0
Jay Huff,IND,0.8,1.3,2.0,48.0
Nicolas Batum,LAC,0.3,0.7,1.1,46.0
Caleb Love,POR,0.0,0.6,0.5,41.0
Luke Kornet,SAS,3.1,1.4,4.4,38.0
Collin Sexton,CHO,1.6,0.7,2.2,40.0
Nique Clifford,SAC,-0.9,0.3,-0.6,46.0
Precious Achiuwa,SAC,0.7,0.6,1.4,43.0
Luke Kennard,ATL,1.6,0.7,2.3,44.0
Malik Monk,SAC,0.5,0.2,0.7,40.0
Quinten Post,GSW,0.6,1.1,1.7,50.0
Tobias Harris,DET,1.3,1.2,2.5,32.0
Zaccharie Risacher,ATL,0.2,0.8,1.0,36.0
Javonte Green,DET,0.9,1.6,2.5,47.0
Ryan Kalkbrenner,CHO,2.0,1.1,3.0,37.0
Giannis Antetokounmpo,MIL,3.7,1.1,4.8,30.0
Kris Murray,POR,0.4,0.8,1.2,34.0
Will Richard,GSW,0.9,1.1,2.0,45.0
Dominick Barlow,PHI,1.4,0.9,2.3,37.0
Jordan Clarkson,NYK,0.1,0.6,0.7,45.0
Justin Champagnie,WAS,1.4,0.6,2.0,45.0
Collin Murray-Boyles,TOR,1.0,1.2,2.2,39.0
Cameron Johnson,DEN,1.1,0.4,1.4,28.0
Franz Wagner,ORL,1.7,0.8,2.6,26.0
Ryan Dunn,PHO,0.4,1.2,1.6,42.0
Jose Alvarado,NOP,0.5,0.4,0.9,38.0
Joel Embiid,PHI,1.8,0.9,2.7,27.0
Dru Smith,MIA,0.7,1.4,2.1,48.0
Bennedict Mathurin,IND,0.2,0.6,0.7,26.0
Jalen Smith,CHI,1.2,0.9,2.1,41.0
Paul George,PHI,0.7,1.0,1.8,27.0
Aaron Nesmith,IND,-0.2,0.6,0.4,27.0
Kobe Sanders,LAC,-0.1,0.4,0.3,39.0
Gradey Dick,TOR,0.3,0.9,1.2,50.0
Day'Ron Sharpe,BRK,1.7,1.1,2.8,45.0
Austin Reaves,LAL,2.7,0.5,3.1,23.0
Ben Sheppard,IND,0.2,0.5,0.7,37.0
Aaron Wiggins,OKC,0.1,1.5,1.6,34.0
Isaiah Joe,OKC,1.4,1.2,2.6,40.0
Kelly Oubre Jr.,PHI,0.6,0.8,1.4,25.0
Yves Missi,NOP,1.1,0.5,1.6,42.0
Jordan Walsh,BOS,1.5,1.1,2.6,43.0
RJ Barrett,TOR,0.9,0.9,1.8,27.0
Walter Clayton,UTA,0.4,-0.1,0.3,44.0
Patrick Williams,CHI,-0.5,0.6,0.1,44.0
Darius Garland,CLE,0.9,0.5,1.4,26.0
Khris Middleton,WAS,0.1,0.2,0.3,32.0
Dylan Harper,SAS,0.1,1.1,1.2,37.0
Coby White,CHI,0.4,0.4,0.8,27.0
Mike Conley,MIN,0.8,0.8,1.5,42.0
Ziaire Williams,BRK,0.2,0.6,0.8,34.0
Simone Fontecchio,MIA,0.7,0.8,1.5,46.0
Craig Porter Jr.,CLE,1.0,1.0,2.0,44.0
Kevin Porter Jr.,MIL,0.5,0.9,1.4,23.0
Mouhamed Gueye,ATL,0.2,1.0,1.2,48.0
Herbert Jones,NOP,-0.1,0.5,0.4,27.0
Keon Ellis,SAC,-0.1,0.4,0.4,43.0
Bilal Coulibaly,WAS,-0.1,0.6,0.5,28.0
Buddy Hield,GSW,0.3,0.9,1.2,43.0
Tyus Jones,ORL,0.3,0.6,0.9,46.0
Jarred Vanderbilt,LAL,0.4,0.8,1.2,38.0
Steven Adams,HOU,1.1,1.0,2.1,32.0
Andre Drummond,PHI,1.1,1.2,2.3,37.0
Nikola Jović,MIA,-0.7,0.9,0.2,38.0
Ja'Kobe Walter,TOR,0.5,0.8,1.3,40.0
Lonzo Ball,CLE,-0.4,1.0,0.6,34.0
Jalen Williams,OKC,0.6,1.4,2.0,24.0
Jordan Poole,NOP,0.1,0.1,0.2,28.0
Jalen Suggs,ORL,0.5,1.0,1.4,27.0
Marvin Bagley III,WAS,1.7,0.4,2.0,36.0
Vince Williams Jr.,MEM,-0.5,0.8,0.3,32.0
Tyrese Martin,BRK,0.0,0.4,0.4,36.0
Jaxson Hayes,LAL,1.9,0.5,2.4,39.0
Drake Powell,BRK,0.1,0.3,0.4,36.0
Keegan Murray,SAC,-0.2,0.4,0.2,19.0
Brook Lopez,LAC,-0.4,0.7,0.3,40.0
Ryan Nembhard,DAL,0.2,0.4,0.6,35.0
Mitchell Robinson,NYK,1.9,1.2,3.1,34.0
Micah Peavy,NOP,0.0,0.3,0.2,42.0
Daniel Gafford,DAL,0.8,1.1,2.0,32.0
Nae'Qwan Tomlin,CLE,0.9,0.8,1.7,39.0
Isaiah Hartenstein,OKC,1.4,1.6,3.0,25.0
Sam Merrill,CLE,1.5,0.4,1.9,26.0
Hugo González,BOS,0.4,0.8,1.3,43.0
Goga Bitadze,ORL,1.9,1.1,3.0,40.0
Daniss Jenkins,DET,0.4,1.0,1.4,39.0
Jaylen Clark,MIN,0.4,0.8,1.3,46.0
Luka Garza,BOS,2.6,0.6,3.2,39.0
Danny Wolf,BRK,0.0,0.5,0.5,33.0
Ochai Agbaji,TOR,0.0,0.6,0.7,41.0
Aaron Gordon,DEN,1.8,0.5,2.3,23.0
Cody Williams,UTA,-0.1,-0.1,-0.2,35.0
Jaylin Williams,OKC,0.0,1.4,1.4,34.0
Jalen Pickett,DEN,0.5,0.3,0.9,34.0
Anthony Davis,DAL,0.4,1.1,1.6,20.0
Adem Bona,PHI,0.5,0.8,1.3,38.0
Caris LeVert,DET,0.1,0.9,1.0,31.0
T.J. McConnell,IND,1.0,0.7,1.7,35.0
Tari Eason,HOU,0.6,1.0,1.7,25.0
Jrue Holiday,POR,0.7,0.5,1.2,21.0
Isaiah Jackson,IND,0.6,0.7,1.4,35.0
Alex Caruso,OKC,0.3,1.3,1.7,32.0
Jared McCain,PHI,-0.3,0.5,0.2,34.0
Al Horford,GSW,0.4,1.0,1.4,29.0
Gary Payton II,GSW,0.4,0.8,1.2,45.0
Baylor Scheierman,BOS,0.6,0.6,1.2,43.0
Ja Morant,MEM,0.1,0.5,0.6,20.0
Bones Hyland,MIN,0.8,0.7,1.4,40.0
Will Riley,WAS,-0.1,0.1,0.0,39.0
Bryce McGowens,NOP,0.8,0.1,1.0,29.0
Corey Kispert,2TM,0.7,0.1,0.8,29.0
Corey Kispert,WAS,0.7,0.0,0.7,19.0
Corey Kispert,ATL,0.0,0.1,0.1,10.0
Tyler Kolek,NYK,0.3,0.5,0.9,41.0
Johnny Furphy,IND,0.1,0.6,0.6,30.0
Domantas Sabonis,SAC,0.5,0.5,1.0,18.0
Jonas Valančiūnas,DEN,1.0,0.7,1.6,37.0
Robert Williams,POR,1.4,1.0,2.5,33.0
Cam Thomas,BRK,-0.1,0.0,0.0,22.0
Jaden Ivey,DET,0.4,0.7,1.0,32.0
Caleb Martin,DAL,-0.1,0.8,0.7,41.0
Jabari Walker,PHI,0.4,0.6,0.9,42.0
Jakob Poeltl,TOR,0.9,0.8,1.7,21.0
Gabe Vincent,LAL,0.2,0.1,0.2,27.0
Justin Edwards,PHI,0.1,0.5,0.6,36.0
Gary Harris,MIL,0.4,0.3,0.8,35.0
Josh Minott,BOS,1.1,0.7,1.8,31.0
Dwight Powell,DAL,0.9,0.7,1.6,34.0
Rayan Rupert,POR,-0.4,0.5,0.1,42.0
Cole Anthony,MIL,-0.8,0.5,-0.4,33.0
Gui Santos,GSW,0.4,0.7,1.1,39.0
Tidjane Salaün,CHO,0.6,0.6,1.1,31.0
Zeke Nnaji,DEN,0.4,0.5,0.9,36.0
D'Angelo Russell,DAL,-0.3,0.4,0.1,26.0
Jordan Hawkins,NOP,-0.7,0.1,-0.7,35.0
Taylor Hendricks,UTA,0.3,0.0,0.3,33.0
Jordan Miller,LAC,0.9,0.4,1.3,26.0
Tre Mann,CHO,-0.4,0.3,-0.1,30.0
De'Anthony Melton,GSW,-0.1,0.8,0.7,23.0
Nolan Traoré,BRK,-0.5,0.2,-0.3,25.0
Jonathan Kuminga,GSW,-0.2,0.5,0.3,20.0
Karlo Matković,NOP,0.8,0.4,1.2,37.0
Dalton Knecht,LAL,0.0,0.2,0.2,38.0
Landry Shamet,NYK,0.9,0.4,1.2,23.0
Clint Capela,HOU,0.9,0.9,1.8,40.0
Pat Spencer,GSW,0.3,0.5,0.8,34.0
Kevin Love,UTA,0.5,0.1,0.7,26.0
Dylan Cardwell,SAC,0.6,0.6,1.2,23.0
Kenrich Williams,OKC,0.6,0.8,1.4,29.0
Jalen Wilson,BRK,0.1,0.2,0.2,32.0
Keaton Wallace,ATL,0.2,0.4,0.6,39.0
Jericho Sims,MIL,0.3,0.3,0.6,32.0
Noah Penda,ORL,0.2,0.6,0.8,32.0
John Konchar,MEM,0.4,0.8,1.2,30.0
GG Jackson II,MEM,-0.2,0.6,0.4,26.0
Aaron Holiday,HOU,0.4,0.4,0.8,32.0
Drew Eubanks,SAC,0.0,0.2,0.3,30.0
Tony Bradley,IND,0.7,0.3,0.9,38.0
Kristaps Porziņģis,ATL,0.9,0.5,1.4,17.0
Jaden Hardy,DAL,-0.1,0.3,0.2,33.0
Derrick Jones Jr.,LAC,0.8,0.3,1.1,17.0
Trayce Jackson-Davis,GSW,0.7,0.6,1.3,35.0
Christian Braun,DEN,0.2,0.2,0.4,14.0
Josh Green,CHO,0.4,0.3,0.7,25.0
Kyle Anderson,UTA,0.5,0.2,0.7,20.0
Jonathan Isaac,ORL,0.1,0.6,0.7,39.0
Jase Richardson,ORL,0.4,0.2,0.6,33.0
Tyrese Proctor,CLE,0.1,0.3,0.5,36.0
Paul Reed,DET,0.6,0.9,1.5,33.0
Trendon Watford,PHI,0.4,0.4,0.8,25.0
Asa Newell,ATL,0.4,0.4,0.8,34.0
Guerschon Yabusele,NYK,0.0,0.4,0.4,41.0
Jeremiah Robinson-Earl,2TM,0.0,0.3,0.3,22.0
Jeremiah Robinson-Earl,IND,-0.1,0.2,0.2,17.0
Jeremiah Robinson-Earl,DAL,0.1,0.1,0.1,5.0
Bogdan Bogdanović,LAC,0.0,0.2,0.1,16.0
Jamaree Bouyea,PHO,0.6,0.4,1.1,23.0
Branden Carlson,OKC,0.4,0.7,1.1,33.0
Jeremy Sochan,SAS,0.2,0.5,0.6,27.0
Cam Whitmore,WAS,-0.1,0.1,0.1,21.0
Quenton Jackson,IND,0.1,0.3,0.4,23.0
Tyler Herro,MIA,0.5,0.4,0.9,11.0
Kasparas Jakučionis,MIA,0.1,0.4,0.5,23.0
Jamir Watkins,WAS,0.0,0.3,0.2,22.0
Tristan Vukcevic,WAS,0.0,0.2,0.2,30.0
Liam McNeeley,CHO,0.3,0.2,0.6,28.0
Thomas Bryant,CLE,0.7,0.4,1.2,34.0
Rob Dillingham,MIN,-1.0,0.5,-0.5,35.0
Moussa Cisse,DAL,0.3,0.6,0.9,27.0
Cam Christie,LAC,0.0,0.2,0.2,32.0
Jett Howard,ORL,0.2,0.2,0.4,28.0
Ethan Thompson,IND,-0.1,0.2,0.1,20.0
Dalen Terry,CHI,0.0,0.3,0.4,31.0
Jamison Battle,TOR,0.3,0.3,0.6,35.0
Nick Smith Jr.,LAL,-0.1,0.1,0.0,23.0
Larry Nance Jr.,CLE,0.0,0.3,0.3,22.0
Julian Phillips,CHI,0.2,0.2,0.4,33.0
Micah Potter,IND,0.4,0.2,0.6,17.0
Carter Bryant,SAS,-0.3,0.4,0.1,37.0
Julian Strawther,DEN,0.0,0.2,0.2,26.0
Ousmane Dieng,OKC,0.3,0.4,0.7,25.0
Zach Edey,MEM,0.4,0.5,0.9,11.0
Terrence Shannon Jr.,MIN,-0.1,0.3,0.2,22.0
Trae Young,ATL,0.7,0.2,0.9,10.0
Ariel Hukporti,NYK,0.2,0.4,0.6,32.0
Christian Koloko,3TM,0.0,0.4,0.4,18.0
Christian Koloko,LAL,0.0,0.0,0.0,2.0
Christian Koloko,MEM,-0.1,0.3,0.2,11.0
Christian Koloko,ATL,0.1,0.1,0.2,5.0
Kobe Brown,LAC,0.1,0.2,0.3,31.0
Ben Saraf,BRK,-0.7,0.2,-0.5,16.0
Malaki Branham,WAS,0.3,0.1,0.4,28.0
Isaiah Livers,PHO,0.2,0.4,0.5,26.0
Kelly Olynyk,SAS,0.3,0.4,0.7,28.0
Olivier-Maxence Prosper,MEM,0.2,0.2,0.5,23.0
Duop Reath,POR,0.3,0.2,0.5,32.0
Nick Richards,PHO,-0.2,0.4,0.2,28.0
Maxi Kleber,LAL,0.1,0.1,0.2,22.0
Kevon Looney,NOP,0.3,0.2,0.4,17.0
Dorian Finney-Smith,HOU,-0.1,0.2,0.1,15.0
Jevon Carter,CHI,0.1,0.2,0.3,22.0
Yang Hansen,POR,-0.6,0.2,-0.4,28.0
Jae'Sean Tate,HOU,0.3,0.2,0.5,29.0
Chris Paul,LAC,-0.1,0.2,0.1,16.0
Yanic Konan Niederhäuser,LAC,0.4,0.2,0.5,27.0
KJ Simpson,CHO,-0.5,0.3,-0.2,14.0
Amir Coffey,MIL,0.1,0.1,0.1,27.0
Mohamed Diawara,NYK,0.0,0.3,0.3,38.0
Garrison Mathews,IND,0.3,0.1,0.4,15.0
Nigel Hayes-Davis,PHO,-0.3,0.2,-0.1,27.0
Brooks Barnhizer,OKC,0.0,0.4,0.4,26.0
Lindy Waters III,SAS,0.0,0.2,0.2,27.0
Rasheer Fleming,PHO,-0.1,0.2,0.1,28.0
Javon Small,MEM,0.0,0.1,0.1,15.0
Zach Collins,CHI,0.4,0.1,0.5,10.0
Bronny James,LAL,-0.1,0.1,0.1,26.0
RayJ Dennis,3TM,-0.4,0.1,-0.3,15.0
RayJ Dennis,IND,-0.4,0.1,-0.3,13.0
RayJ Dennis,LAC,0.0,0.0,0.0,1.0
RayJ Dennis,ATL,0.0,0.0,0.0,1.0
DaRon Holmes,DEN,0.2,0.1,0.3,13.0
Taurean Prince,MIL,0.1,0.1,0.2,8.0
AJ Johnson,WAS,-0.6,0.0,-0.6,23.0
Joan Beringer,MIN,0.4,0.2,0.7,23.0
Chaz Lanier,DET,0.2,0.2,0.4,18.0
Hunter Tyson,DEN,-0.2,0.1,-0.1,20.0
Pat Connaughton,CHO,0.3,0.1,0.5,22.0
Walker Kessler,UTA,0.3,0.1,0.5,5.0
PJ Hall,2TM,0.3,0.2,0.4,15.0
PJ Hall,MEM,0.1,0.0,0.1,7.0
PJ Hall,CHO,0.2,0.1,0.4,8.0
Chris Youngblood,OKC,0.2,0.2,0.4,30.0
JD Davison,HOU,0.1,0.2,0.2,21.0
Keshad Johnson,MIA,-0.1,0.2,0.1,19.0
Taelon Peter,IND,-0.2,0.1,-0.1,22.0
Grant Williams,CHO,-0.1,0.1,0.1,8.0
Jonathan Mogbo,TOR,0.0,0.2,0.2,21.0
Andre Jackson Jr.,MIL,-0.1,0.1,0.0,21.0
Myron Gardner,MIA,0.4,0.2,0.6,19.0
Pete Nance,MIL,0.2,0.1,0.3,16.0
Jamal Cain,ORL,0.0,0.1,0.1,18.0
Mason Plumlee,CHO,0.2,0.2,0.3,14.0
Marcus Sasser,DET,0.3,0.2,0.5,13.0
Drew Timme,LAL,0.3,0.1,0.3,14.0
Bradley Beal,LAC,-0.2,0.0,-0.2,6.0
Devin Carter,SAC,-0.1,0.1,-0.1,14.0
Jordan McLaughlin,SAS,0.0,0.2,0.2,20.0
Dereck Lively II,DAL,0.1,0.2,0.3,7.0
Anthony Gill,WAS,0.2,0.0,0.2,23.0
Xavier Tillman Sr.,BOS,0.0,0.2,0.2,13.0
A.J. Lawson,TOR,0.1,0.1,0.2,11.0
Luke Travers,CLE,-0.1,0.2,0.1,12.0
Amari Williams,BOS,0.0,0.2,0.2,12.0
Blake Wesley,POR,0.0,0.2,0.1,6.0
Leonard Miller,MIN,0.0,0.1,0.1,19.0
Chris Boucher,BOS,-0.1,0.2,0.1,9.0
Khaman Maluach,PHO,-0.2,0.1,0.0,21.0
Kam Jones,IND,-0.1,0.0,-0.1,13.0
Alijah Martin,TOR,0.0,0.1,0.2,10.0
Adou Thiero,LAL,0.0,0.1,0.1,15.0
Kevin McCullar Jr.,NYK,0.1,0.1,0.2,12.0
Obi Toppin,IND,-0.1,0.1,0.0,3.0
Miles Kelly,DAL,0.0,0.1,0.1,10.0
Johnny Juzang,MIN,0.0,0.1,0.1,19.0
Lachlan Olbrich,CHI,-0.1,0.0,0.0,11.0
Eric Gordon,PHI,0.1,0.1,0.2,6.0
Moritz Wagner,ORL,0.0,0.1,0.1,7.0
Doug McDermott,SAC,-0.1,0.0,-0.1,7.0
Jalen Green,PHO,0.1,0.1,0.2,5.0
Javonte Cooke,POR,-0.2,0.1,-0.1,11.0
Jeff Green,HOU,0.1,0.0,0.2,16.0
Joe Ingles,MIN,0.0,0.1,0.1,16.0
David Jones García,SAS,0.1,0.1,0.3,11.0
Elijah Harkless,UTA,0.0,0.0,0.0,7.0
Bismack Biyombo,SAS,0.0,0.1,0.1,12.0
Monte Morris,IND,-0.1,0.0,0.0,6.0
Drew Peterson,CHO,-0.2,0.1,-0.1,6.0
Bobi Klintman,DET,-0.2,0.1,-0.1,8.0
James Wiseman,IND,0.0,0.0,0.0,4.0
Pacome Dadiet,NYK,0.0,0.1,0.1,18.0
Antonio Reeves,CHO,0.1,0.0,0.1,7.0
Tolu Smith,DET,0.1,0.1,0.3,5.0
Cody Martin,IND,-0.2,0.1,-0.1,4.0
Caleb Houstan,ATL,0.0,0.0,0.1,10.0
Matisse Thybulle,POR,0.2,0.1,0.3,4.0
Thanasis Antetokounmpo,MIL,0.0,0.1,0.1,15.0
Kyle Lowry,PHI,0.0,0.0,0.0,6.0
Kobe Bufkin,LAL,0.0,0.0,0.0,4.0
Wendell Moore Jr.,DET,0.0,0.1,0.1,3.0
Trey Alexander,NOP,0.1,0.0,0.1,5.0
Johni Broome,PHI,-0.2,0.1,-0.1,8.0
Dario Šarić,SAC,-0.1,0.0,-0.1,5.0
E.J. Liddell,BRK,0.1,0.0,0.1,9.0
Trey Jemison,NYK,0.0,0.0,0.1,6.0
Garrett Temple,TOR,-0.1,0.1,-0.1,13.0
Ron Harper Jr.,BOS,0.0,0.0,0.0,7.0
Tyson Etienne,BRK,-0.1,0.0,-0.1,8.0
Mac McClung,IND,-0.1,0.1,0.0,3.0
Emanuel Miller,CHI,0.1,0.0,0.1,5.0
Jahmyl Telfort,LAC,-0.1,0.0,-0.1,8.0
Sharife Cooper,WAS,-0.1,0.0,-0.1,6.0
Seth Curry,GSW,0.1,0.0,0.2,2.0
Curtis Jones,DEN,-0.1,0.0,-0.1,6.0
Charles Bassey,MEM,0.0,0.1,0.1,2.0
Hunter Sallis,PHI,-0.1,0.0,-0.1,7.0
Mark Sears,MIL,0.0,0.0,0.0,7.0
Jahmai Mashack,MEM,-0.1,0.0,-0.1,7.0
Orlando Robinson,ORL,0.1,0.0,0.1,4.0
Jahmir Young,MIA,0.0,0.0,0.0,5.0
DeAndre Jordan,NOP,0.1,0.0,0.1,2.0
TyTy Washington Jr.,LAC,0.1,0.0,0.1,2.0
Daeqwon Plowden,SAC,-0.1,0.0,-0.1,2.0
Brandon Clarke,MEM,0.0,0.0,0.0,2.0
Malevy Leons,GSW,0.0,0.0,0.0,4.0
Isaac Jones,2TM,0.0,0.0,0.0,4.0
Isaac Jones,SAC,0.0,0.0,0.0,3.0
Isaac Jones,DET,0.0,0.0,0.0,1.0
Jacob Toppin,ATL,0.0,0.0,0.0,5.0
Chris Livingston,CLE,0.0,0.0,0.1,3.0
N'Faly Dante,ATL,0.0,0.0,0.0,4.0
Oscar Tshiebwe,UTA,0.0,0.0,0.0,1.0
Chris Mañon,LAL,0.0,0.0,0.0,4.0
Chucky Hepburn,TOR,-0.1,0.0,-0.1,2.0
Patrick Baldwin Jr.,LAC,0.1,0.0,0.1,2.0
Harrison Ingram,SAS,0.1,0.0,0.1,3.0
Tosan Evbuomwan,NYK,0.0,0.0,0.0,5.0
LJ Cryer,GSW,0.0,0.0,0.0,3.0
Riley Minix,SAS,0.1,0.0,0.1,3.0
Koby Brea,PHO,0.0,0.0,0.0,2.0
Isaiah Crawford,HOU,0.0,0.0,0.0,3.0
Colby Jones,DET,0.0,0.0,0.0,1.0
Mo Bamba,TOR,0.0,0.0,0.0,2.0
Noa Essengue,CHI,-0.1,0.0,-0.1,2.0
Trentyn Flowers,CHI,0.0,0.0,0.0,2.0
Hunter Dickinson,NOP,-0.1,0.0,-0.1,1.0
Dillon Jones,NYK,0.0,0.0,0.0,1.0
Skal Labissière,WAS,0.0,0.0,0.0,1.0
Isaiah Stevens,SAC,0.0,0.0,0.0,1.0
Vladislav Goldin,MIA,0.0,0.0,0.0,1.0
League Average,,,,,
